{
  "n_pilot": 50,
  "n_rest": 349,
  "n_total": 399,
  "pilot_ids": [
    24,
    25,
    40,
    41,
    43,
    60,
    61,
    71,
    75,
    82,
    83,
    86,
    89,
    95,
    98,
    99,
    103,
    119,
    140,
    164,
    169,
    187,
    189,
    211,
    232,
    242,
    257,
    258,
    260,
    275,
    299,
    310,
    320,
    335,
    338,
    351,
    361,
    362,
    363,
    392,
    399,
    403,
    437,
    455,
    458,
    464,
    499,
    503,
    505,
    513
  ],
  "tests": {
    "ema_count": {
      "label": "EMA entries per user",
      "pilot_mean": 82.24,
      "pilot_std": 5.9128362613098995,
      "pilot_median": 81.0,
      "pilot_n": 50,
      "rest_mean": 34.01719197707737,
      "rest_std": 19.983031368315018,
      "rest_median": 32.0,
      "rest_n": 349,
      "U_statistic": 17449.0,
      "p_value": 2.6587802088739495e-30,
      "effect_size_r": -0.9998853868194841,
      "significant_005": "True"
    },
    "diary_completion_rate": {
      "label": "Diary completion rate",
      "pilot_mean": 1.0,
      "pilot_std": 0.0,
      "pilot_median": 1.0,
      "pilot_n": 50,
      "rest_mean": 1.0,
      "rest_std": 0.0,
      "rest_median": 1.0,
      "rest_n": 349,
      "U_statistic": 8725.0,
      "p_value": 1.0,
      "effect_size_r": 0.0,
      "significant_005": "False"
    },
    "base_rate_Individual_level_PA_State": {
      "label": "Base rate: Individual_level_PA_State",
      "pilot_mean": 0.5453040900191901,
      "pilot_std": 0.1301071978989626,
      "pilot_median": 0.5058527290050361,
      "pilot_n": 50,
      "rest_mean": 0.5610517225654857,
      "rest_std": 0.14069823355363592,
      "rest_median": 0.5641025641025641,
      "rest_n": 349,
      "U_statistic": 7475.5,
      "p_value": 0.10145264462479708,
      "effect_size_r": 0.14320916905444125,
      "significant_005": "False"
    },
    "base_rate_Individual_level_NA_State": {
      "label": "Base rate: Individual_level_NA_State",
      "pilot_mean": 0.31740559113027145,
      "pilot_std": 0.15056675283506238,
      "pilot_median": 0.32103658536585367,
      "pilot_n": 50,
      "rest_mean": 0.3623256013533166,
      "rest_std": 0.16839576257900277,
      "rest_median": 0.35294117647058826,
      "rest_n": 349,
      "U_statistic": 7046.0,
      "p_value": 0.027732995408571232,
      "effect_size_r": 0.19243553008595993,
      "significant_005": "True"
    },
    "base_rate_Individual_level_ER_desire_State": {
      "label": "Base rate: Individual_level_ER_desire_State",
      "pilot_mean": 0.34996375495278675,
      "pilot_std": 0.19049919331439652,
      "pilot_median": 0.3332317073170732,
      "pilot_n": 50,
      "rest_mean": 0.38548869181512596,
      "rest_std": 0.21755343670673688,
      "rest_median": 0.35714285714285715,
      "rest_n": 349,
      "U_statistic": 7858.0,
      "p_value": 0.2558654873153311,
      "effect_size_r": 0.09936962750716327,
      "significant_005": "False"
    },
    "base_rate_INT_availability": {
      "label": "Base rate: INT_availability",
      "pilot_mean": 0.6427860552174053,
      "pilot_std": 0.2881876460500889,
      "pilot_median": 0.6765512265512266,
      "pilot_n": 50,
      "rest_mean": 0.5930138124595276,
      "rest_std": 0.294827918629315,
      "rest_median": 0.625,
      "rest_n": 349,
      "U_statistic": 9524.0,
      "p_value": 0.29470295856603423,
      "effect_size_r": -0.09157593123209162,
      "significant_005": "False"
    },
    "continuous_PANAS_Pos": {
      "label": "Mean PANAS_Pos",
      "pilot_mean": 17.85966806190145,
      "pilot_std": 6.628989009924388,
      "pilot_median": 17.90538945712038,
      "pilot_n": 50,
      "rest_mean": 17.26967516748194,
      "rest_std": 6.373258818165098,
      "rest_median": 17.38,
      "rest_n": 349,
      "U_statistic": 9208.5,
      "p_value": 0.5265369129804269,
      "effect_size_r": -0.055415472779369646,
      "significant_005": "False"
    },
    "continuous_PANAS_Neg": {
      "label": "Mean PANAS_Neg",
      "pilot_mean": 3.234556837157009,
      "pilot_std": 4.055242173703106,
      "pilot_median": 1.5659420289855073,
      "pilot_n": 50,
      "rest_mean": 4.380323629477976,
      "rest_std": 4.586263710358083,
      "rest_median": 2.823529411764706,
      "rest_n": 349,
      "U_statistic": 7003.5,
      "p_value": 0.024035817534404574,
      "effect_size_r": 0.19730659025787967,
      "significant_005": "True"
    },
    "continuous_ER_desire": {
      "label": "Mean ER_desire",
      "pilot_mean": 2.319891696891105,
      "pilot_std": 2.1122241967580555,
      "pilot_median": 1.5734756097560976,
      "pilot_n": 50,
      "rest_mean": 2.706843645280106,
      "rest_std": 2.287696837932359,
      "rest_median": 2.1774193548387095,
      "rest_n": 349,
      "U_statistic": 7856.5,
      "p_value": 0.25507298479208285,
      "effect_size_r": 0.09954154727793696,
      "significant_005": "False"
    },
    "platform": {
      "label": "Platform distribution",
      "categories": [
        "Android",
        "iOS"
      ],
      "pilot_counts": {
        "Android": 18,
        "iOS": 25
      },
      "rest_counts": {
        "Android": 75,
        "iOS": 230
      },
      "chi2": 4.892106305264841,
      "p_value": 0.026979751659356097,
      "dof": 1,
      "significant_005": "True"
    },
    "cv_group": {
      "label": "CV group distribution",
      "categories": [
        "1",
        "2",
        "3",
        "4",
        "5"
      ],
      "pilot_counts": {
        "1": 6,
        "2": 9,
        "3": 8,
        "4": 14,
        "5": 13
      },
      "rest_counts": {
        "1": 73,
        "2": 70,
        "3": 71,
        "4": 65,
        "5": 70
      },
      "chi2": 4.950579223061772,
      "p_value": 0.2924060692833005,
      "dof": 4,
      "significant_005": "False"
    }
  },
  "summary": {
    "n_tests": 11,
    "n_significant": 4,
    "verdict": "POTENTIALLY BIASED \u2014 Multiple significant differences detected."
  }
}